epoch,train_loss,train_acc,val_loss,val_acc
0,2.7777095,19.820554649265905,2.272157,30.942234848484848
