epoch,train_loss,train_acc,val_loss,val_acc
0,1.5436906,55.806484502446985,0.8342515,72.58522727272727
