epoch,train_loss,train_acc,val_loss,val_acc
0,3.2155714,7.26530612244898,3.0233397,10.785714285714286
