epoch,train_loss,train_acc,val_loss,val_acc
0,3.8435388,0.0,3.3109531,0.0
1,3.32723,0.0,3.2794046,0.0
