epoch,train_loss,train_acc,val_loss,val_acc
0,0.08661799,98.35526315789474,32.10244,9.920634920634921
1,5.0193e-08,100.0,34.58436,9.920634920634921
